,func,ncalls,tottime,percall_tottime,cumtime,percall_cumtime,file_name,line_number
0,generate_minimum_curvature_path,1,0.006,0.006,5.723,5.723,/home/m810z573/Downloads/f1tenth_benchmarks/f1tenth_benchmarks/classic_racing/RaceTrackGenerator.py,70
1,opt_min_curv,1,2.864,2.864,4.125,4.125,/home/m810z573/Downloads/f1tenth_benchmarks/trajectory_planning_helpers/trajectory_planning_helpers/opt_min_curv.py,8
3,calc_splines,2,0.022,0.011,1.533,0.766,/home/m810z573/Downloads/f1tenth_benchmarks/trajectory_planning_helpers/trajectory_planning_helpers/calc_splines.py,5
4,solve,4,1.51,0.377,1.51,0.377,/home/m810z573/Downloads/f1tenth_benchmarks/venv/lib/python3.9/site-packages/numpy/linalg/linalg.py,306
5,inv,5,1.246,0.249,1.246,0.249,/home/m810z573/Downloads/f1tenth_benchmarks/venv/lib/python3.9/site-packages/numpy/linalg/linalg.py,469
6,create_raceline,1,0.0,0.0,0.83,0.83,/home/m810z573/Downloads/f1tenth_benchmarks/trajectory_planning_helpers/trajectory_planning_helpers/create_raceline.py,5
8,plot_raceline_trajectory,1,0.0,0.0,0.297,0.297,/home/m810z573/Downloads/f1tenth_benchmarks/f1tenth_benchmarks/data_tools/specific_plotting/plot_racelines.py,37
10,draw_wrapper,266/4,0.001,0.0,0.198,0.05,/home/m810z573/Downloads/f1tenth_benchmarks/venv/lib/python3.9/site-packages/matplotlib/artist.py,32
12,_draw_list_compositing_images,10/4,0.0,0.0,0.195,0.049,/home/m810z573/Downloads/f1tenth_benchmarks/venv/lib/python3.9/site-packages/matplotlib/image.py,114
9,savefig,2,0.0,0.0,0.166,0.083,/home/m810z573/Downloads/f1tenth_benchmarks/venv/lib/python3.9/site-packages/matplotlib/figure.py,2923
14,print_figure,2,0.0,0.0,0.166,0.083,/home/m810z573/Downloads/f1tenth_benchmarks/venv/lib/python3.9/site-packages/matplotlib/backend_bases.py,2192
15,print_svg,2,0.0,0.0,0.165,0.082,/home/m810z573/Downloads/f1tenth_benchmarks/venv/lib/python3.9/site-packages/matplotlib/backends/backend_svg.py,1285
16,cla,6,0.0,0.0,0.118,0.02,/home/m810z573/Downloads/f1tenth_benchmarks/venv/lib/python3.9/site-packages/matplotlib/axes/_base.py,1183
17,draw_path_collection,2,0.003,0.001,0.113,0.057,/home/m810z573/Downloads/f1tenth_benchmarks/venv/lib/python3.9/site-packages/matplotlib/backend_bases.py,222
18,plot_minimum_curvature_path,1,0.0,0.0,0.091,0.091,/home/m810z573/Downloads/f1tenth_benchmarks/f1tenth_benchmarks/data_tools/specific_plotting/plot_racelines.py,19
20,clf,2,0.0,0.0,0.086,0.043,/home/m810z573/Downloads/f1tenth_benchmarks/venv/lib/python3.9/site-packages/matplotlib/pyplot.py,956
24,reset_ticks,78/66,0.001,0.0,0.07,0.001,/home/m810z573/Downloads/f1tenth_benchmarks/venv/lib/python3.9/site-packages/matplotlib/axis.py,830
25,add_subplot,3,0.0,0.0,0.046,0.015,/home/m810z573/Downloads/f1tenth_benchmarks/venv/lib/python3.9/site-packages/matplotlib/figure.py,646
27,calc_spline_lengths,1,0.024,0.024,0.04,0.04,/home/m810z573/Downloads/f1tenth_benchmarks/trajectory_planning_helpers/trajectory_planning_helpers/calc_spline_lengths.py,5
26,_get_tick,33/21,0.0,0.0,0.038,0.002,/home/m810z573/Downloads/f1tenth_benchmarks/venv/lib/python3.9/site-packages/matplotlib/axis.py,2052
28,draw_idle,2,0.0,0.0,0.036,0.018,/home/m810z573/Downloads/f1tenth_benchmarks/venv/lib/python3.9/site-packages/matplotlib/backend_bases.py,2045
31,tight_layout,2,0.0,0.0,0.032,0.016,/home/m810z573/Downloads/f1tenth_benchmarks/venv/lib/python3.9/site-packages/matplotlib/figure.py,3189
30,get_spine_transform,316/196,0.001,0.0,0.032,0.0,/home/m810z573/Downloads/f1tenth_benchmarks/venv/lib/python3.9/site-packages/matplotlib/spines.py,330
32,_ensure_position_is_set,316/196,0.0,0.0,0.031,0.0,/home/m810z573/Downloads/f1tenth_benchmarks/venv/lib/python3.9/site-packages/matplotlib/spines.py,200
34,get_tight_layout_figure,2,0.0,0.0,0.03,0.015,/home/m810z573/Downloads/f1tenth_benchmarks/venv/lib/python3.9/site-packages/matplotlib/tight_layout.py,251
35,gca,19,0.0,0.0,0.03,0.002,/home/m810z573/Downloads/f1tenth_benchmarks/venv/lib/python3.9/site-packages/matplotlib/figure.py,1539
36,_auto_adjust_subplotpars,2,0.0,0.0,0.03,0.015,/home/m810z573/Downloads/f1tenth_benchmarks/venv/lib/python3.9/site-packages/matplotlib/tight_layout.py,19
38,_cbar_cla,1,0.0,0.0,0.028,0.028,/home/m810z573/Downloads/f1tenth_benchmarks/venv/lib/python3.9/site-packages/matplotlib/colorbar.py,519
39,_iter_collection,862,0.009,0.0,0.027,0.0,/home/m810z573/Downloads/f1tenth_benchmarks/venv/lib/python3.9/site-packages/matplotlib/backend_bases.py,368
41,colorbar,1,0.0,0.0,0.023,0.023,/home/m810z573/Downloads/f1tenth_benchmarks/venv/lib/python3.9/site-packages/matplotlib/figure.py,1179
50,_update_ticks,30,0.001,0.0,0.02,0.001,/home/m810z573/Downloads/f1tenth_benchmarks/venv/lib/python3.9/site-packages/matplotlib/axis.py,1040
49,set_tick_params,39,0.0,0.0,0.02,0.001,/home/m810z573/Downloads/f1tenth_benchmarks/venv/lib/python3.9/site-packages/matplotlib/axis.py,850
46,_make_flip_transform,895,0.002,0.0,0.02,0.0,/home/m810z573/Downloads/f1tenth_benchmarks/venv/lib/python3.9/site-packages/matplotlib/backends/backend_svg.py,460
45,generate_velocity_profile,1,0.0,0.0,0.02,0.02,/home/m810z573/Downloads/f1tenth_benchmarks/f1tenth_benchmarks/classic_racing/RaceTrackGenerator.py,85
48,_get_style,895,0.001,0.0,0.02,0.0,/home/m810z573/Downloads/f1tenth_benchmarks/venv/lib/python3.9/site-packages/matplotlib/backends/backend_svg.py,581
51,calc_vel_profile,1,0.0,0.0,0.019,0.019,/home/m810z573/Downloads/f1tenth_benchmarks/trajectory_planning_helpers/trajectory_planning_helpers/calc_vel_profile.py,6
52,__solver_fb_unclosed,1,0.0,0.0,0.019,0.019,/home/m810z573/Downloads/f1tenth_benchmarks/trajectory_planning_helpers/trajectory_planning_helpers/calc_vel_profile.py,218
53,__solver_fb_acc_profile,2,0.003,0.001,0.019,0.009,/home/m810z573/Downloads/f1tenth_benchmarks/trajectory_planning_helpers/trajectory_planning_helpers/calc_vel_profile.py,395
54,element,966,0.002,0.0,0.019,0.0,/home/m810z573/Downloads/f1tenth_benchmarks/venv/lib/python3.9/site-packages/matplotlib/backends/backend_svg.py,236
55,_convert_path,919,0.001,0.0,0.018,0.0,/home/m810z573/Downloads/f1tenth_benchmarks/venv/lib/python3.9/site-packages/matplotlib/backends/backend_svg.py,646
56,grid,26,0.0,0.0,0.018,0.001,/home/m810z573/Downloads/f1tenth_benchmarks/venv/lib/python3.9/site-packages/matplotlib/axis.py,1394
58,start,1088,0.006,0.0,0.017,0.0,/home/m810z573/Downloads/f1tenth_benchmarks/venv/lib/python3.9/site-packages/matplotlib/backends/backend_svg.py,138
59,savetxt,2,0.009,0.004,0.017,0.008,/home/m810z573/Downloads/f1tenth_benchmarks/venv/lib/python3.9/site-packages/numpy/lib/npyio.py,1375
60,set_foreground,1010,0.001,0.0,0.017,0.0,/home/m810z573/Downloads/f1tenth_benchmarks/venv/lib/python3.9/site-packages/matplotlib/backend_bases.py,935
61,make_axes_gridspec,1,0.0,0.0,0.017,0.017,/home/m810z573/Downloads/f1tenth_benchmarks/venv/lib/python3.9/site-packages/matplotlib/colorbar.py,1509
62,get_xaxis_transform,309/105,0.0,0.0,0.016,0.0,/home/m810z573/Downloads/f1tenth_benchmarks/venv/lib/python3.9/site-packages/matplotlib/axes/_base.py,840
64,_get_style_dict,904,0.004,0.0,0.016,0.0,/home/m810z573/Downloads/f1tenth_benchmarks/venv/lib/python3.9/site-packages/matplotlib/backends/backend_svg.py,536
66,calc_ax_poss,1025,0.004,0.0,0.016,0.0,/home/m810z573/Downloads/f1tenth_benchmarks/trajectory_planning_helpers/trajectory_planning_helpers/calc_vel_profile.py,517
65,get_yaxis_transform,372/140,0.0,0.0,0.016,0.0,/home/m810z573/Downloads/f1tenth_benchmarks/venv/lib/python3.9/site-packages/matplotlib/axes/_base.py,916
68,set_default_locators_and_formatters,73,0.0,0.0,0.014,0.0,/home/m810z573/Downloads/f1tenth_benchmarks/venv/lib/python3.9/site-packages/matplotlib/scale.py,104
69,_to_rgba_no_colorcycle,870,0.004,0.0,0.013,0.0,/home/m810z573/Downloads/f1tenth_benchmarks/venv/lib/python3.9/site-packages/matplotlib/colors.py,195
70,__add__,2589,0.001,0.0,0.013,0.0,/home/m810z573/Downloads/f1tenth_benchmarks/venv/lib/python3.9/site-packages/matplotlib/transforms.py,1348
71,_wrapreduction,2904,0.003,0.0,0.012,0.0,/home/m810z573/Downloads/f1tenth_benchmarks/venv/lib/python3.9/site-packages/numpy/core/fromnumeric.py,69
74,composite_transform_factory,2601,0.002,0.0,0.011,0.0,/home/m810z573/Downloads/f1tenth_benchmarks/venv/lib/python3.9/site-packages/matplotlib/transforms.py,2508
72,stale,13472/11215,0.006,0.0,0.011,0.0,/home/m810z573/Downloads/f1tenth_benchmarks/venv/lib/python3.9/site-packages/matplotlib/artist.py,290
79,save_raceline,1,0.0,0.0,0.01,0.01,/home/m810z573/Downloads/f1tenth_benchmarks/f1tenth_benchmarks/classic_racing/RaceTrackGenerator.py,99
73,interp,2360,0.002,0.0,0.009,0.0,/home/m810z573/Downloads/f1tenth_benchmarks/venv/lib/python3.9/site-packages/numpy/lib/function_base.py,1457
75,sum,1763,0.002,0.0,0.009,0.0,/home/m810z573/Downloads/f1tenth_benchmarks/venv/lib/python3.9/site-packages/numpy/core/fromnumeric.py,2188
80,get_major_ticks,39,0.0,0.0,0.009,0.0,/home/m810z573/Downloads/f1tenth_benchmarks/venv/lib/python3.9/site-packages/matplotlib/axis.py,1368
84,to_hex,918,0.001,0.0,0.008,0.0,/home/m810z573/Downloads/f1tenth_benchmarks/venv/lib/python3.9/site-packages/matplotlib/colors.py,389
88,set_fontproperties,181,0.0,0.0,0.008,0.0,/home/m810z573/Downloads/f1tenth_benchmarks/venv/lib/python3.9/site-packages/matplotlib/text.py,1251
90,_init_axis,3,0.0,0.0,0.008,0.003,/home/m810z573/Downloads/f1tenth_benchmarks/venv/lib/python3.9/site-packages/matplotlib/axes/_base.py,742
89,_get_clip_attrs,908,0.002,0.0,0.008,0.0,/home/m810z573/Downloads/f1tenth_benchmarks/venv/lib/python3.9/site-packages/matplotlib/backends/backend_svg.py,584
86,interp_splines,1,0.005,0.005,0.008,0.008,/home/m810z573/Downloads/f1tenth_benchmarks/trajectory_planning_helpers/trajectory_planning_helpers/interp_splines.py,6
87,normalize_kwargs,1335,0.004,0.0,0.008,0.0,/home/m810z573/Downloads/f1tenth_benchmarks/venv/lib/python3.9/site-packages/matplotlib/cbook/__init__.py,1653
97,invalidate,3014,0.002,0.0,0.007,0.0,/home/m810z573/Downloads/f1tenth_benchmarks/venv/lib/python3.9/site-packages/matplotlib/transforms.py,170
96,eye,6,0.004,0.001,0.007,0.001,/home/m810z573/Downloads/f1tenth_benchmarks/venv/lib/python3.9/site-packages/numpy/lib/twodim_base.py,162
94,_get_tick_boxes_siblings,15,0.0,0.0,0.007,0.0,/home/m810z573/Downloads/f1tenth_benchmarks/venv/lib/python3.9/site-packages/matplotlib/axis.py,1860
92,get_extent_offsets,14/9,0.0,0.0,0.007,0.001,/home/m810z573/Downloads/f1tenth_benchmarks/venv/lib/python3.9/site-packages/matplotlib/offsetbox.py,425
91,recache,101,0.002,0.0,0.007,0.0,/home/m810z573/Downloads/f1tenth_benchmarks/venv/lib/python3.9/site-packages/matplotlib/lines.py,649
98,_update_title_position,9,0.0,0.0,0.007,0.001,/home/m810z573/Downloads/f1tenth_benchmarks/venv/lib/python3.9/site-packages/matplotlib/axes/_base.py,2960
100,set_children,2477,0.006,0.0,0.007,0.0,/home/m810z573/Downloads/f1tenth_benchmarks/venv/lib/python3.9/site-packages/matplotlib/transforms.py,207
101,init_path,2,0.0,0.0,0.007,0.003,/home/m810z573/Downloads/f1tenth_benchmarks/f1tenth_benchmarks/utils/track_utils.py,14
103,_get_tick_bboxes,30,0.0,0.0,0.006,0.0,/home/m810z573/Downloads/f1tenth_benchmarks/venv/lib/python3.9/site-packages/matplotlib/axis.py,1083
108,from_extents,400,0.001,0.0,0.006,0.0,/home/m810z573/Downloads/f1tenth_benchmarks/venv/lib/python3.9/site-packages/matplotlib/transforms.py,822
112,_set_marker,399,0.001,0.0,0.006,0.0,/home/m810z573/Downloads/f1tenth_benchmarks/venv/lib/python3.9/site-packages/matplotlib/markers.py,295
113,get_extents,39,0.0,0.0,0.006,0.0,/home/m810z573/Downloads/f1tenth_benchmarks/venv/lib/python3.9/site-packages/matplotlib/path.py,596
116,get_bbox,282,0.0,0.0,0.006,0.0,/home/m810z573/Downloads/f1tenth_benchmarks/venv/lib/python3.9/site-packages/matplotlib/patches.py,848
115,escape_cdata,7076,0.004,0.0,0.006,0.0,/home/m810z573/Downloads/f1tenth_benchmarks/venv/lib/python3.9/site-packages/matplotlib/backends/backend_svg.py,71
107,_apply_params,73,0.001,0.0,0.006,0.0,/home/m810z573/Downloads/f1tenth_benchmarks/venv/lib/python3.9/site-packages/matplotlib/axis.py,349
121,set_segments,3,0.0,0.0,0.005,0.002,/home/m810z573/Downloads/f1tenth_benchmarks/venv/lib/python3.9/site-packages/matplotlib/collections.py,1447
136,_findoffset,5,0.0,0.0,0.005,0.001,/home/m810z573/Downloads/f1tenth_benchmarks/venv/lib/python3.9/site-packages/matplotlib/legend.py,585
133,pchanged,2940,0.001,0.0,0.005,0.0,/home/m810z573/Downloads/f1tenth_benchmarks/venv/lib/python3.9/site-packages/matplotlib/artist.py,405
132,union,44,0.0,0.0,0.005,0.0,/home/m810z573/Downloads/f1tenth_benchmarks/venv/lib/python3.9/site-packages/matplotlib/transforms.py,662
131,_stale_axes_callback,1329,0.001,0.0,0.005,0.0,/home/m810z573/Downloads/f1tenth_benchmarks/venv/lib/python3.9/site-packages/matplotlib/artist.py,81
137,_find_best_position,5,0.0,0.0,0.005,0.001,/home/m810z573/Downloads/f1tenth_benchmarks/venv/lib/python3.9/site-packages/matplotlib/legend.py,1004
127,rotate_deg_around,282,0.0,0.0,0.005,0.0,/home/m810z573/Downloads/f1tenth_benchmarks/venv/lib/python3.9/site-packages/matplotlib/transforms.py,2032
126,_draw_text_as_path,12,0.0,0.0,0.005,0.0,/home/m810z573/Downloads/f1tenth_benchmarks/venv/lib/python3.9/site-packages/matplotlib/backends/backend_svg.py,1017
125,_get_layout,111,0.001,0.0,0.005,0.0,/home/m810z573/Downloads/f1tenth_benchmarks/venv/lib/python3.9/site-packages/matplotlib/text.py,290
19,draw_path,26,0.0,0.0,0.005,0.0,/home/m810z573/Downloads/f1tenth_benchmarks/venv/lib/python3.9/site-packages/matplotlib/backends/backend_agg.py,133
123,_wrapfunc,1445,0.001,0.0,0.005,0.0,/home/m810z573/Downloads/f1tenth_benchmarks/venv/lib/python3.9/site-packages/numpy/core/fromnumeric.py,51
122,splev,6/2,0.005,0.001,0.005,0.003,/home/m810z573/Downloads/f1tenth_benchmarks/venv/lib/python3.9/site-packages/scipy/interpolate/_fitpack_impl.py,300
134,_setattr_cm,2740,0.003,0.0,0.005,0.0,/home/m810z573/Downloads/f1tenth_benchmarks/venv/lib/python3.9/site-packages/matplotlib/cbook/__init__.py,1976
119,bounds,1049/1047,0.004,0.0,0.005,0.0,/home/m810z573/Downloads/f1tenth_benchmarks/venv/lib/python3.9/site-packages/matplotlib/transforms.py,392
118,scale,1080,0.003,0.0,0.005,0.0,/home/m810z573/Downloads/f1tenth_benchmarks/venv/lib/python3.9/site-packages/matplotlib/transforms.py,2057
117,vstack,4,0.0,0.0,0.005,0.001,/home/m810z573/Downloads/f1tenth_benchmarks/venv/lib/python3.9/site-packages/numpy/core/shape_base.py,223
29,plot,7,0.0,0.0,0.005,0.001,/home/m810z573/Downloads/f1tenth_benchmarks/venv/lib/python3.9/site-packages/matplotlib/axes/_axes.py,1388
106,diff,961,0.004,0.0,0.005,0.0,/home/m810z573/Downloads/f1tenth_benchmarks/venv/lib/python3.9/site-packages/numpy/lib/function_base.py,1320
142,draw_all,1,0.0,0.0,0.004,0.004,/home/m810z573/Downloads/f1tenth_benchmarks/venv/lib/python3.9/site-packages/matplotlib/colorbar.py,558
143,_is_nth_color,2964,0.001,0.0,0.004,0.0,/home/m810z573/Downloads/f1tenth_benchmarks/venv/lib/python3.9/site-packages/matplotlib/colors.py,106
147,set_params,73,0.0,0.0,0.004,0.0,/home/m810z573/Downloads/f1tenth_benchmarks/venv/lib/python3.9/site-packages/matplotlib/ticker.py,2008
148,_quote_escape_attrib,2927,0.002,0.0,0.004,0.0,/home/m810z573/Downloads/f1tenth_benchmarks/venv/lib/python3.9/site-packages/matplotlib/backends/backend_svg.py,95
151,_from_any,182,0.0,0.0,0.004,0.0,/home/m810z573/Downloads/f1tenth_benchmarks/venv/lib/python3.9/site-packages/matplotlib/font_manager.py,687
149,set_marker,146,0.0,0.0,0.004,0.0,/home/m810z573/Downloads/f1tenth_benchmarks/venv/lib/python3.9/site-packages/matplotlib/lines.py,1135
174,is_color_like,415,0.0,0.0,0.003,0.0,/home/m810z573/Downloads/f1tenth_benchmarks/venv/lib/python3.9/site-packages/matplotlib/colors.py,111
178,__instancecheck__,4796,0.001,0.0,0.003,0.0,/usr/lib/python3.9/abc.py,117
169,translate,1471,0.002,0.0,0.003,0.0,/home/m810z573/Downloads/f1tenth_benchmarks/venv/lib/python3.9/site-packages/matplotlib/transforms.py,2044
175,rotate,294,0.001,0.0,0.003,0.0,/home/m810z573/Downloads/f1tenth_benchmarks/venv/lib/python3.9/site-packages/matplotlib/transforms.py,1996
170,findfont,154,0.001,0.0,0.003,0.0,/home/m810z573/Downloads/f1tenth_benchmarks/venv/lib/python3.9/site-packages/matplotlib/font_manager.py,1248
173,helper,1432,0.001,0.0,0.003,0.0,/usr/lib/python3.9/contextlib.py,261
177,_wrapit,497,0.001,0.0,0.003,0.0,/home/m810z573/Downloads/f1tenth_benchmarks/venv/lib/python3.9/site-packages/numpy/core/fromnumeric.py,38
185,viewLim,186/182,0.0,0.0,0.003,0.0,/home/m810z573/Downloads/f1tenth_benchmarks/venv/lib/python3.9/site-packages/matplotlib/axes/_base.py,780
179,generate_css,927,0.001,0.0,0.003,0.0,/home/m810z573/Downloads/f1tenth_benchmarks/venv/lib/python3.9/site-packages/matplotlib/backends/backend_svg.py,268
180,add_line,7,0.0,0.0,0.003,0.0,/home/m810z573/Downloads/f1tenth_benchmarks/venv/lib/python3.9/site-packages/matplotlib/axes/_base.py,2279
186,_stale_figure_callback,928,0.0,0.0,0.003,0.0,/home/m810z573/Downloads/f1tenth_benchmarks/venv/lib/python3.9/site-packages/matplotlib/figure.py,46
182,get_minorticklocs,30,0.0,0.0,0.003,0.0,/home/m810z573/Downloads/f1tenth_benchmarks/venv/lib/python3.9/site-packages/matplotlib/axis.py,1279
165,_unstale_viewLim,194/186,0.0,0.0,0.003,0.0,/home/m810z573/Downloads/f1tenth_benchmarks/venv/lib/python3.9/site-packages/matplotlib/axes/_base.py,766
190,match,1204,0.001,0.0,0.003,0.0,/usr/lib/python3.9/re.py,188
188,_validate_steps,73,0.001,0.0,0.003,0.0,/home/m810z573/Downloads/f1tenth_benchmarks/venv/lib/python3.9/site-packages/matplotlib/ticker.py,1987
167,loadtxt,2,0.0,0.0,0.003,0.002,/home/m810z573/Downloads/f1tenth_benchmarks/venv/lib/python3.9/site-packages/numpy/lib/npyio.py,1081
168,_read,2,0.0,0.0,0.003,0.002,/home/m810z573/Downloads/f1tenth_benchmarks/venv/lib/python3.9/site-packages/numpy/lib/npyio.py,801
164,_recache,774,0.001,0.0,0.003,0.0,/home/m810z573/Downloads/f1tenth_benchmarks/venv/lib/python3.9/site-packages/matplotlib/markers.py,237
158,_raw_ticks,12,0.0,0.0,0.003,0.0,/home/m810z573/Downloads/f1tenth_benchmarks/venv/lib/python3.9/site-packages/matplotlib/ticker.py,2053
163,rotate_deg,294,0.0,0.0,0.003,0.0,/home/m810z573/Downloads/f1tenth_benchmarks/venv/lib/python3.9/site-packages/matplotlib/transforms.py,2012
76,_update_label_position,6,0.0,0.0,0.003,0.0,/home/m810z573/Downloads/f1tenth_benchmarks/venv/lib/python3.9/site-packages/matplotlib/axis.py,2073
156,process,2977,0.003,0.0,0.003,0.0,/home/m810z573/Downloads/f1tenth_benchmarks/venv/lib/python3.9/site-packages/matplotlib/cbook/__init__.py,276
157,apply_aspect,15,0.0,0.0,0.003,0.0,/home/m810z573/Downloads/f1tenth_benchmarks/venv/lib/python3.9/site-packages/matplotlib/axes/_base.py,1852
154,check_shape,1073,0.002,0.0,0.003,0.0,/home/m810z573/Downloads/f1tenth_benchmarks/venv/lib/python3.9/site-packages/matplotlib/_api/__init__.py,132
161,_check_color_like,415,0.0,0.0,0.003,0.0,/home/m810z573/Downloads/f1tenth_benchmarks/venv/lib/python3.9/site-packages/matplotlib/colors.py,124
162,calc_head_curv_num,2,0.001,0.0,0.003,0.002,/home/m810z573/Downloads/f1tenth_benchmarks/trajectory_planning_helpers/trajectory_planning_helpers/calc_head_curv_num.py,6
226,update_scalarmappable,6,0.0,0.0,0.002,0.0,/home/m810z573/Downloads/f1tenth_benchmarks/venv/lib/python3.9/site-packages/matplotlib/collections.py,879
225,_get_xy_display,46,0.0,0.0,0.002,0.0,/home/m810z573/Downloads/f1tenth_benchmarks/venv/lib/python3.9/site-packages/matplotlib/text.py,211
224,_bind_draw_path_function,64,0.0,0.0,0.002,0.0,/home/m810z573/Downloads/f1tenth_benchmarks/venv/lib/python3.9/site-packages/matplotlib/patches.py,554
239,isin,16,0.0,0.0,0.002,0.0,/home/m810z573/Downloads/f1tenth_benchmarks/venv/lib/python3.9/site-packages/numpy/lib/arraysetops.py,766
228,intersection,16,0.0,0.0,0.002,0.0,/home/m810z573/Downloads/f1tenth_benchmarks/venv/lib/python3.9/site-packages/matplotlib/transforms.py,673
231,tick_params,6,0.0,0.0,0.002,0.0,/home/m810z573/Downloads/f1tenth_benchmarks/venv/lib/python3.9/site-packages/matplotlib/axes/_base.py,3358
232,_gen_axes_spines,3,0.0,0.0,0.002,0.001,/home/m810z573/Downloads/f1tenth_benchmarks/venv/lib/python3.9/site-packages/matplotlib/axes/_base.py,1127
222,from_bounds,102,0.0,0.0,0.002,0.0,/home/m810z573/Downloads/f1tenth_benchmarks/venv/lib/python3.9/site-packages/matplotlib/transforms.py,813
233,get_grid_positions,15/9,0.0,0.0,0.002,0.0,/home/m810z573/Downloads/f1tenth_benchmarks/venv/lib/python3.9/site-packages/matplotlib/gridspec.py,145
234,linear_spine,12,0.0,0.0,0.002,0.0,/home/m810z573/Downloads/f1tenth_benchmarks/venv/lib/python3.9/site-packages/matplotlib/spines.py,423
235,_set_markercolor,687,0.001,0.0,0.002,0.0,/home/m810z573/Downloads/f1tenth_benchmarks/venv/lib/python3.9/site-packages/matplotlib/lines.py,1149
236,getter,115,0.0,0.0,0.002,0.0,/home/m810z573/Downloads/f1tenth_benchmarks/venv/lib/python3.9/site-packages/matplotlib/axis.py,1985
237,_init_legend_box,1,0.0,0.0,0.002,0.002,/home/m810z573/Downloads/f1tenth_benchmarks/venv/lib/python3.9/site-packages/matplotlib/legend.py,716
238,new_gc,102,0.0,0.0,0.002,0.0,/home/m810z573/Downloads/f1tenth_benchmarks/venv/lib/python3.9/site-packages/matplotlib/backend_bases.py,658
246,_add_solids,1,0.0,0.0,0.002,0.002,/home/m810z573/Downloads/f1tenth_benchmarks/venv/lib/python3.9/site-packages/matplotlib/colorbar.py,610
241,check_isinstance,740,0.001,0.0,0.002,0.0,/home/m810z573/Downloads/f1tenth_benchmarks/venv/lib/python3.9/site-packages/matplotlib/_api/__init__.py,65
242,_get_layout_cache_key,111,0.0,0.0,0.002,0.0,/home/m810z573/Downloads/f1tenth_benchmarks/venv/lib/python3.9/site-packages/matplotlib/text.py,275
243,get_animated,13518,0.002,0.0,0.002,0.0,/home/m810z573/Downloads/f1tenth_benchmarks/venv/lib/python3.9/site-packages/matplotlib/artist.py,832
244,_from_parts,73,0.0,0.0,0.002,0.0,/usr/lib/python3.9/pathlib.py,702
220,_set_dpi,212,0.0,0.0,0.002,0.0,/home/m810z573/Downloads/f1tenth_benchmarks/venv/lib/python3.9/site-packages/matplotlib/figure.py,2442
247,inner,1,0.0,0.0,0.002,0.002,/home/m810z573/Downloads/f1tenth_benchmarks/venv/lib/python3.9/site-packages/matplotlib/__init__.py,1409
248,pcolormesh,1,0.0,0.0,0.002,0.002,/home/m810z573/Downloads/f1tenth_benchmarks/venv/lib/python3.9/site-packages/matplotlib/axes/_axes.py,5868
250,in1d,16,0.001,0.0,0.002,0.0,/home/m810z573/Downloads/f1tenth_benchmarks/venv/lib/python3.9/site-packages/numpy/lib/arraysetops.py,524
251,_set_formatter,147,0.001,0.0,0.002,0.0,/home/m810z573/Downloads/f1tenth_benchmarks/venv/lib/python3.9/site-packages/matplotlib/axis.py,1607
252,_get_draw_artists,4,0.0,0.0,0.002,0.0,/home/m810z573/Downloads/f1tenth_benchmarks/venv/lib/python3.9/site-packages/matplotlib/figure.py,218
253,set_subplotspec,4,0.0,0.0,0.002,0.0,/home/m810z573/Downloads/f1tenth_benchmarks/venv/lib/python3.9/site-packages/matplotlib/axes/_subplots.py,58
256,end,1088,0.001,0.0,0.002,0.0,/home/m810z573/Downloads/f1tenth_benchmarks/venv/lib/python3.9/site-packages/matplotlib/backends/backend_svg.py,195
257,set_data,448,0.0,0.0,0.002,0.0,/home/m810z573/Downloads/f1tenth_benchmarks/venv/lib/python3.9/site-packages/matplotlib/lines.py,630
258,_parse_args,73,0.0,0.0,0.002,0.0,/usr/lib/python3.9/pathlib.py,682
221,_update_line_limits,7,0.0,0.0,0.002,0.0,/home/m810z573/Downloads/f1tenth_benchmarks/venv/lib/python3.9/site-packages/matplotlib/axes/_base.py,2307
249,_auto_draw_if_interactive,957,0.0,0.0,0.002,0.0,/home/m810z573/Downloads/f1tenth_benchmarks/venv/lib/python3.9/site-packages/matplotlib/pyplot.py,833
219,_get_data_path,73,0.0,0.0,0.002,0.0,/home/m810z573/Downloads/f1tenth_benchmarks/venv/lib/python3.9/site-packages/matplotlib/cbook/__init__.py,512
196,unit,273,0.0,0.0,0.002,0.0,/home/m810z573/Downloads/f1tenth_benchmarks/venv/lib/python3.9/site-packages/matplotlib/transforms.py,803
216,_update_values,1072,0.001,0.0,0.002,0.0,/home/m810z573/Downloads/f1tenth_benchmarks/venv/lib/python3.9/site-packages/matplotlib/path.py,191
172,amin,473,0.0,0.0,0.002,0.0,/home/m810z573/Downloads/f1tenth_benchmarks/venv/lib/python3.9/site-packages/numpy/core/fromnumeric.py,2829
124,draw_text,12,0.0,0.0,0.002,0.0,/home/m810z573/Downloads/f1tenth_benchmarks/venv/lib/python3.9/site-packages/matplotlib/backends/backend_agg.py,224
183,get_text_width_height_descent,18,0.0,0.0,0.002,0.0,/home/m810z573/Downloads/f1tenth_benchmarks/venv/lib/python3.9/site-packages/matplotlib/backends/backend_agg.py,251
44,to_rgba,4,0.0,0.0,0.002,0.0,/home/m810z573/Downloads/f1tenth_benchmarks/venv/lib/python3.9/site-packages/matplotlib/cm.py,389
37,get_tightbbox,1,0.0,0.0,0.002,0.002,/home/m810z573/Downloads/f1tenth_benchmarks/venv/lib/python3.9/site-packages/matplotlib/legend.py,913
187,amax,476,0.0,0.0,0.002,0.0,/home/m810z573/Downloads/f1tenth_benchmarks/venv/lib/python3.9/site-packages/numpy/core/fromnumeric.py,2703
191,normalize_psi,866,0.002,0.0,0.002,0.0,/home/m810z573/Downloads/f1tenth_benchmarks/trajectory_planning_helpers/trajectory_planning_helpers/normalize_psi.py,6
193,argmax,862,0.001,0.0,0.002,0.0,/home/m810z573/Downloads/f1tenth_benchmarks/venv/lib/python3.9/site-packages/numpy/core/fromnumeric.py,1153
194,_cm_set,52,0.0,0.0,0.002,0.0,/home/m810z573/Downloads/f1tenth_benchmarks/venv/lib/python3.9/site-packages/matplotlib/artist.py,1166
195,add_collection,3,0.0,0.0,0.002,0.001,/home/m810z573/Downloads/f1tenth_benchmarks/venv/lib/python3.9/site-packages/matplotlib/axes/_base.py,2228
159,transform_affine,310/304,0.0,0.0,0.002,0.0,/home/m810z573/Downloads/f1tenth_benchmarks/venv/lib/python3.9/site-packages/matplotlib/transforms.py,1862
197,register_axis,12,0.0,0.0,0.002,0.0,/home/m810z573/Downloads/f1tenth_benchmarks/venv/lib/python3.9/site-packages/matplotlib/spines.py,206
199,short_float_fmt,1028,0.001,0.0,0.002,0.0,/home/m810z573/Downloads/f1tenth_benchmarks/venv/lib/python3.9/site-packages/matplotlib/backends/backend_svg.py,101
201,get_tick_space,12,0.0,0.0,0.002,0.0,/home/m810z573/Downloads/f1tenth_benchmarks/venv/lib/python3.9/site-packages/matplotlib/axis.py,2522
198,get_majorticklocs,34,0.0,0.0,0.002,0.0,/home/m810z573/Downloads/f1tenth_benchmarks/venv/lib/python3.9/site-packages/matplotlib/axis.py,1275
203,_update_glyph_map_defs,12,0.0,0.0,0.002,0.0,/home/m810z573/Downloads/f1tenth_benchmarks/venv/lib/python3.9/site-packages/matplotlib/backends/backend_svg.py,995
207,legend,1,0.0,0.0,0.002,0.002,/home/m810z573/Downloads/f1tenth_benchmarks/venv/lib/python3.9/site-packages/matplotlib/axes/_axes.py,186
210,check_in_list,3399,0.002,0.0,0.002,0.0,/home/m810z573/Downloads/f1tenth_benchmarks/venv/lib/python3.9/site-packages/matplotlib/_api/__init__.py,101
211,draw_markers,9,0.0,0.0,0.002,0.0,/home/m810z573/Downloads/f1tenth_benchmarks/venv/lib/python3.9/site-packages/matplotlib/backends/backend_svg.py,672
215,xmin,149,0.0,0.0,0.002,0.0,/home/m810z573/Downloads/f1tenth_benchmarks/venv/lib/python3.9/site-packages/matplotlib/transforms.py,326
362,_process_unit_info,28,0.0,0.0,0.001,0.0,/home/m810z573/Downloads/f1tenth_benchmarks/venv/lib/python3.9/site-packages/matplotlib/axes/_base.py,2487
356,get_xaxis_text1_transform,33,0.0,0.0,0.001,0.0,/home/m810z573/Downloads/f1tenth_benchmarks/venv/lib/python3.9/site-packages/matplotlib/axes/_base.py,864
359,_staircase,73,0.0,0.0,0.001,0.0,/home/m810z573/Downloads/f1tenth_benchmarks/venv/lib/python3.9/site-packages/matplotlib/ticker.py,2002
360,all,85,0.0,0.0,0.001,0.0,/home/m810z573/Downloads/f1tenth_benchmarks/venv/lib/python3.9/site-packages/numpy/core/fromnumeric.py,2432
335,_makeline,7,0.0,0.0,0.001,0.0,/home/m810z573/Downloads/f1tenth_benchmarks/venv/lib/python3.9/site-packages/matplotlib/axes/_base.py,347
361,_process_values,2,0.0,0.0,0.001,0.0,/home/m810z573/Downloads/f1tenth_benchmarks/venv/lib/python3.9/site-packages/matplotlib/colorbar.py,1098
365,_set_gc_clip,100,0.0,0.0,0.001,0.0,/home/m810z573/Downloads/f1tenth_benchmarks/venv/lib/python3.9/site-packages/matplotlib/artist.py,886
363,_reset_locator_formatter_scale,1,0.0,0.0,0.001,0.001,/home/m810z573/Downloads/f1tenth_benchmarks/venv/lib/python3.9/site-packages/matplotlib/colorbar.py,1200
364,_gen_axes_patch,6,0.0,0.0,0.001,0.0,/home/m810z573/Downloads/f1tenth_benchmarks/venv/lib/python3.9/site-packages/matplotlib/axes/_base.py,1110
354,set_verticalalignment,339,0.0,0.0,0.001,0.0,/home/m810z573/Downloads/f1tenth_benchmarks/venv/lib/python3.9/site-packages/matplotlib/text.py,1195
366,inverse,3,0.0,0.0,0.001,0.0,/home/m810z573/Downloads/f1tenth_benchmarks/venv/lib/python3.9/site-packages/matplotlib/colors.py,1260
367,legend_artist,3,0.0,0.0,0.001,0.0,/home/m810z573/Downloads/f1tenth_benchmarks/venv/lib/python3.9/site-packages/matplotlib/legend_handler.py,93
369,set_minor_formatter,73,0.0,0.0,0.001,0.0,/home/m810z573/Downloads/f1tenth_benchmarks/venv/lib/python3.9/site-packages/matplotlib/axis.py,1593
370,set_x,309,0.0,0.0,0.001,0.0,/home/m810z573/Downloads/f1tenth_benchmarks/venv/lib/python3.9/site-packages/matplotlib/text.py,1149
355,_is_natively_supported,230,0.0,0.0,0.001,0.0,/home/m810z573/Downloads/f1tenth_benchmarks/venv/lib/python3.9/site-packages/matplotlib/units.py,56
349,get_xbound,12/11,0.0,0.0,0.001,0.0,/home/m810z573/Downloads/f1tenth_benchmarks/venv/lib/python3.9/site-packages/matplotlib/axes/_base.py,3529
352,get_xlim,12/11,0.0,0.0,0.001,0.0,/home/m810z573/Downloads/f1tenth_benchmarks/venv/lib/python3.9/site-packages/matplotlib/axes/_base.py,3577
351,_iter_collection_raw_paths,862,0.0,0.0,0.001,0.0,/home/m810z573/Downloads/f1tenth_benchmarks/venv/lib/python3.9/site-packages/matplotlib/backend_bases.py,321
350,layout,44,0.0,0.0,0.001,0.0,/home/m810z573/Downloads/f1tenth_benchmarks/venv/lib/python3.9/site-packages/matplotlib/_text_helpers.py,38
348,intersect1d,16,0.0,0.0,0.001,0.0,/home/m810z573/Downloads/f1tenth_benchmarks/venv/lib/python3.9/site-packages/numpy/lib/arraysetops.py,373
347,splprep,2,0.0,0.0,0.001,0.0,/home/m810z573/Downloads/f1tenth_benchmarks/venv/lib/python3.9/site-packages/scipy/interpolate/_fitpack_impl.py,107
345,transformed,27,0.0,0.0,0.001,0.0,/home/m810z573/Downloads/f1tenth_benchmarks/venv/lib/python3.9/site-packages/matplotlib/transforms.py,487
344,set_variant,461,0.0,0.0,0.001,0.0,/home/m810z573/Downloads/f1tenth_benchmarks/venv/lib/python3.9/site-packages/matplotlib/font_manager.py,817
343,__array_finalize__,91,0.0,0.0,0.001,0.0,/home/m810z573/Downloads/f1tenth_benchmarks/venv/lib/python3.9/site-packages/numpy/ma/core.py,2966
372,get_xaxis_text2_transform,33,0.0,0.0,0.001,0.0,/home/m810z573/Downloads/f1tenth_benchmarks/venv/lib/python3.9/site-packages/matplotlib/axes/_base.py,890
342,set_fontsize,158,0.0,0.0,0.001,0.0,/home/m810z573/Downloads/f1tenth_benchmarks/venv/lib/python3.9/site-packages/matplotlib/text.py,1052
337,set_ylim,10,0.0,0.0,0.001,0.0,/home/m810z573/Downloads/f1tenth_benchmarks/venv/lib/python3.9/site-packages/matplotlib/axes/_base.py,3948
341,get_yaxis_text2_transform,40,0.0,0.0,0.001,0.0,/home/m810z573/Downloads/f1tenth_benchmarks/venv/lib/python3.9/site-packages/matplotlib/axes/_base.py,966
340,_get_agg_font,30,0.0,0.0,0.001,0.0,/home/m810z573/Downloads/f1tenth_benchmarks/venv/lib/python3.9/site-packages/matplotlib/backends/backend_agg.py,299
338,__sub__,13,0.0,0.0,0.001,0.0,/home/m810z573/Downloads/f1tenth_benchmarks/venv/lib/python3.9/site-packages/matplotlib/transforms.py,1426
371,set_zorder,169,0.0,0.0,0.001,0.0,/home/m810z573/Downloads/f1tenth_benchmarks/venv/lib/python3.9/site-packages/matplotlib/artist.py,1096
388,set_minor_locator,75,0.0,0.0,0.001,0.0,/home/m810z573/Downloads/f1tenth_benchmarks/venv/lib/python3.9/site-packages/matplotlib/axis.py,1649
373,set_dash_capstyle,229,0.0,0.0,0.001,0.0,/home/m810z573/Downloads/f1tenth_benchmarks/venv/lib/python3.9/site-packages/matplotlib/lines.py,1339
404,_scale_dashes,526,0.0,0.0,0.001,0.0,/home/m810z573/Downloads/f1tenth_benchmarks/venv/lib/python3.9/site-packages/matplotlib/lines.py,61
412,_encode_tile,1,0.0,0.0,0.001,0.001,/home/m810z573/Downloads/f1tenth_benchmarks/venv/lib/python3.9/site-packages/PIL/ImageFile.py,545
420,get_hatch_path,930,0.0,0.0,0.001,0.0,/home/m810z573/Downloads/f1tenth_benchmarks/venv/lib/python3.9/site-packages/matplotlib/backend_bases.py,997
414,_update_from,109,0.0,0.0,0.001,0.0,/home/m810z573/Downloads/f1tenth_benchmarks/venv/lib/python3.9/site-packages/numpy/ma/core.py,2940
419,should_simplify,3608,0.001,0.0,0.001,0.0,/home/m810z573/Downloads/f1tenth_benchmarks/venv/lib/python3.9/site-packages/matplotlib/path.py,245
418,_compute_offset,12,0.0,0.0,0.001,0.0,/home/m810z573/Downloads/f1tenth_benchmarks/venv/lib/python3.9/site-packages/matplotlib/ticker.py,715
417,set_drawstyle,229,0.0,0.0,0.001,0.0,/home/m810z573/Downloads/f1tenth_benchmarks/venv/lib/python3.9/site-packages/matplotlib/lines.py,1034
416,_update_transScale,10,0.0,0.0,0.001,0.0,/home/m810z573/Downloads/f1tenth_benchmarks/venv/lib/python3.9/site-packages/matplotlib/axes/_base.py,992
332,_get_text2_transform,33,0.0,0.0,0.001,0.0,/home/m810z573/Downloads/f1tenth_benchmarks/venv/lib/python3.9/site-packages/matplotlib/axis.py,439
411,_any,25,0.0,0.0,0.001,0.0,/home/m810z573/Downloads/f1tenth_benchmarks/venv/lib/python3.9/site-packages/numpy/core/_methods.py,55
410,safe_masked_invalid,5,0.0,0.0,0.001,0.0,/home/m810z573/Downloads/f1tenth_benchmarks/venv/lib/python3.9/site-packages/matplotlib/cbook/__init__.py,700
409,set_markerfacecoloralt,229,0.0,0.0,0.001,0.0,/home/m810z573/Downloads/f1tenth_benchmarks/venv/lib/python3.9/site-packages/matplotlib/lines.py,1183
407,set_rotation_mode,184,0.0,0.0,0.001,0.0,/home/m810z573/Downloads/f1tenth_benchmarks/venv/lib/python3.9/site-packages/matplotlib/text.py,241
406,set_markeredgecolor,229,0.0,0.0,0.001,0.0,/home/m810z573/Downloads/f1tenth_benchmarks/venv/lib/python3.9/site-packages/matplotlib/lines.py,1163
401,set_family,461,0.0,0.0,0.001,0.0,/home/m810z573/Downloads/f1tenth_benchmarks/venv/lib/python3.9/site-packages/matplotlib/font_manager.py,794
375,zeros_like,17,0.0,0.0,0.001,0.0,/home/m810z573/Downloads/f1tenth_benchmarks/venv/lib/python3.9/site-packages/numpy/core/numeric.py,77
398,_do_extends,1,0.0,0.0,0.001,0.001,/home/m810z573/Downloads/f1tenth_benchmarks/venv/lib/python3.9/site-packages/matplotlib/colorbar.py,649
394,_save,1,0.0,0.0,0.001,0.001,/home/m810z573/Downloads/f1tenth_benchmarks/venv/lib/python3.9/site-packages/PIL/ImageFile.py,517
393,unique,32,0.0,0.0,0.001,0.0,/home/m810z573/Downloads/f1tenth_benchmarks/venv/lib/python3.9/site-packages/numpy/lib/arraysetops.py,138
392,_set_tickleft,40,0.0,0.0,0.001,0.0,/home/m810z573/Downloads/f1tenth_benchmarks/venv/lib/python3.9/site-packages/matplotlib/markers.py,682
390,set_y,432,0.0,0.0,0.001,0.0,/home/m810z573/Downloads/f1tenth_benchmarks/venv/lib/python3.9/site-packages/matplotlib/text.py,1160
387,save,1,0.0,0.0,0.001,0.001,/home/m810z573/Downloads/f1tenth_benchmarks/venv/lib/python3.9/site-packages/PIL/Image.py,2354
384,update_units,36,0.0,0.0,0.001,0.0,/home/m810z573/Downloads/f1tenth_benchmarks/venv/lib/python3.9/site-packages/matplotlib/axis.py,1437
383,set_xdata,547,0.0,0.0,0.001,0.0,/home/m810z573/Downloads/f1tenth_benchmarks/venv/lib/python3.9/site-packages/matplotlib/lines.py,1222
382,set_horizontalalignment,340,0.0,0.0,0.001,0.0,/home/m810z573/Downloads/f1tenth_benchmarks/venv/lib/python3.9/site-packages/matplotlib/text.py,957
380,set_ydata,730,0.0,0.0,0.001,0.0,/home/m810z573/Downloads/f1tenth_benchmarks/venv/lib/python3.9/site-packages/matplotlib/lines.py,1234
378,translated,54,0.0,0.0,0.001,0.0,/home/m810z573/Downloads/f1tenth_benchmarks/venv/lib/python3.9/site-packages/matplotlib/transforms.py,637
377,get_converter,82/44,0.0,0.0,0.001,0.0,/home/m810z573/Downloads/f1tenth_benchmarks/venv/lib/python3.9/site-packages/matplotlib/units.py,181
376,create_artists,3,0.0,0.0,0.001,0.0,/home/m810z573/Downloads/f1tenth_benchmarks/venv/lib/python3.9/site-packages/matplotlib/legend_handler.py,303
333,set_major_formatter,74,0.0,0.0,0.001,0.0,/home/m810z573/Downloads/f1tenth_benchmarks/venv/lib/python3.9/site-packages/matplotlib/axis.py,1567
212,load_track,1,0.0,0.0,0.001,0.001,/home/m810z573/Downloads/f1tenth_benchmarks/f1tenth_benchmarks/utils/track_utils.py,91
331,xmax,149,0.0,0.0,0.001,0.0,/home/m810z573/Downloads/f1tenth_benchmarks/venv/lib/python3.9/site-packages/matplotlib/transforms.py,336
330,array,46,0.0,0.0,0.001,0.0,/home/m810z573/Downloads/f1tenth_benchmarks/venv/lib/python3.9/site-packages/numpy/ma/core.py,6637
287,_convert_units,288,0.0,0.0,0.001,0.0,/home/m810z573/Downloads/f1tenth_benchmarks/venv/lib/python3.9/site-packages/matplotlib/patches.py,745
286,_to_unmasked_float_array,1359,0.001,0.0,0.001,0.0,/home/m810z573/Downloads/f1tenth_benchmarks/venv/lib/python3.9/site-packages/matplotlib/cbook/__init__.py,1290
284,get_datalim,2,0.0,0.0,0.001,0.001,/home/m810z573/Downloads/f1tenth_benchmarks/venv/lib/python3.9/site-packages/matplotlib/collections.py,248
283,get_glyphs_with_font,12,0.0,0.0,0.001,0.0,/home/m810z573/Downloads/f1tenth_benchmarks/venv/lib/python3.9/site-packages/matplotlib/textpath.py,141
282,open,4,0.0,0.0,0.001,0.0,/home/m810z573/Downloads/f1tenth_benchmarks/venv/lib/python3.9/site-packages/numpy/lib/_datasource.py,487
281,any,107,0.0,0.0,0.001,0.0,/home/m810z573/Downloads/f1tenth_benchmarks/venv/lib/python3.9/site-packages/numpy/core/fromnumeric.py,2333
277,subplots_adjust,2,0.0,0.0,0.001,0.001,/home/m810z573/Downloads/f1tenth_benchmarks/venv/lib/python3.9/site-packages/matplotlib/figure.py,1217
276,set_weight,467,0.001,0.0,0.001,0.0,/home/m810z573/Downloads/f1tenth_benchmarks/venv/lib/python3.9/site-packages/matplotlib/font_manager.py,826
275,broadcast_arrays,102,0.0,0.0,0.001,0.0,/home/m810z573/Downloads/f1tenth_benchmarks/venv/lib/python3.9/site-packages/numpy/lib/stride_tricks.py,480
274,set_transform,232,0.0,0.0,0.001,0.0,/home/m810z573/Downloads/f1tenth_benchmarks/venv/lib/python3.9/site-packages/matplotlib/lines.py,713
273,convert_xunits,923,0.0,0.0,0.001,0.0,/home/m810z573/Downloads/f1tenth_benchmarks/venv/lib/python3.9/site-packages/matplotlib/artist.py,242
272,ymax,185,0.0,0.0,0.001,0.0,/home/m810z573/Downloads/f1tenth_benchmarks/venv/lib/python3.9/site-packages/matplotlib/transforms.py,341
271,_plot_args,7,0.0,0.0,0.001,0.0,/home/m810z573/Downloads/f1tenth_benchmarks/venv/lib/python3.9/site-packages/matplotlib/axes/_base.py,406
270,_get_anchored_bbox,50,0.0,0.0,0.001,0.0,/home/m810z573/Downloads/f1tenth_benchmarks/venv/lib/python3.9/site-packages/matplotlib/offsetbox.py,1140
268,_get_font,51,0.0,0.0,0.001,0.0,/home/m810z573/Downloads/f1tenth_benchmarks/venv/lib/python3.9/site-packages/matplotlib/textpath.py,28
267,get_siblings,530,0.001,0.0,0.001,0.0,/home/m810z573/Downloads/f1tenth_benchmarks/venv/lib/python3.9/site-packages/matplotlib/cbook/__init__.py,872
266,get_unitless_position,211,0.0,0.0,0.001,0.0,/home/m810z573/Downloads/f1tenth_benchmarks/venv/lib/python3.9/site-packages/matplotlib/text.py,826
265,set_visible,534,0.0,0.0,0.001,0.0,/home/m810z573/Downloads/f1tenth_benchmarks/venv/lib/python3.9/site-packages/matplotlib/artist.py,1001
264,set_dpi,4,0.0,0.0,0.001,0.0,/home/m810z573/Downloads/f1tenth_benchmarks/venv/lib/python3.9/site-packages/matplotlib/figure.py,2759
262,count_contains,25,0.0,0.0,0.001,0.0,/home/m810z573/Downloads/f1tenth_benchmarks/venv/lib/python3.9/site-packages/matplotlib/transforms.py,593
261,_set_position,22,0.0,0.0,0.001,0.0,/home/m810z573/Downloads/f1tenth_benchmarks/venv/lib/python3.9/site-packages/matplotlib/axes/_base.py,1056
260,format_ticks,60,0.0,0.0,0.001,0.0,/home/m810z573/Downloads/f1tenth_benchmarks/venv/lib/python3.9/site-packages/matplotlib/ticker.py,221
223,column_stack,131,0.001,0.0,0.001,0.0,/home/m810z573/Downloads/f1tenth_benchmarks/venv/lib/python3.9/site-packages/numpy/lib/shape_base.py,612
200,transform_path_affine,59,0.0,0.0,0.001,0.0,/home/m810z573/Downloads/f1tenth_benchmarks/venv/lib/python3.9/site-packages/matplotlib/transforms.py,1813
171,iscomplexobj,2362,0.001,0.0,0.001,0.0,/home/m810z573/Downloads/f1tenth_benchmarks/venv/lib/python3.9/site-packages/numpy/lib/type_check.py,303
130,_invalidate_internal,909/611,0.001,0.0,0.001,0.0,/home/m810z573/Downloads/f1tenth_benchmarks/venv/lib/python3.9/site-packages/matplotlib/transforms.py,2380
33,set_position,85,0.0,0.0,0.001,0.0,/home/m810z573/Downloads/f1tenth_benchmarks/venv/lib/python3.9/site-packages/matplotlib/text.py,1138
23,__get__,1828,0.001,0.0,0.001,0.0,/usr/lib/python3.9/types.py,171
22,set_clip_path,100,0.0,0.0,0.001,0.0,/home/m810z573/Downloads/f1tenth_benchmarks/venv/lib/python3.9/site-packages/matplotlib/backend_bases.py,906
288,set_xlim,10,0.0,0.0,0.001,0.0,/home/m810z573/Downloads/f1tenth_benchmarks/venv/lib/python3.9/site-packages/matplotlib/axes/_base.py,3617
289,ymin,182,0.0,0.0,0.001,0.0,/home/m810z573/Downloads/f1tenth_benchmarks/venv/lib/python3.9/site-packages/matplotlib/transforms.py,331
290,process_value,36,0.0,0.0,0.001,0.0,/home/m810z573/Downloads/f1tenth_benchmarks/venv/lib/python3.9/site-packages/matplotlib/colors.py,1180
311,convert_units,230,0.0,0.0,0.001,0.0,/home/m810z573/Downloads/f1tenth_benchmarks/venv/lib/python3.9/site-packages/matplotlib/axis.py,1495
327,_mesh,1,0.0,0.0,0.001,0.001,/home/m810z573/Downloads/f1tenth_benchmarks/venv/lib/python3.9/site-packages/matplotlib/colorbar.py,1151
326,_proportional_y,2,0.0,0.0,0.001,0.0,/home/m810z573/Downloads/f1tenth_benchmarks/venv/lib/python3.9/site-packages/matplotlib/colorbar.py,1263
325,handle_single_axis,6,0.0,0.0,0.001,0.0,/home/m810z573/Downloads/f1tenth_benchmarks/venv/lib/python3.9/site-packages/matplotlib/axes/_base.py,2872
324,_set_fillstyle,399,0.001,0.0,0.001,0.0,/home/m810z573/Downloads/f1tenth_benchmarks/venv/lib/python3.9/site-packages/matplotlib/markers.py,266
323,_get_packed_offsets,54,0.0,0.0,0.001,0.0,/home/m810z573/Downloads/f1tenth_benchmarks/venv/lib/python3.9/site-packages/matplotlib/offsetbox.py,48
322,set_stretch,461,0.001,0.0,0.001,0.0,/home/m810z573/Downloads/f1tenth_benchmarks/venv/lib/python3.9/site-packages/matplotlib/font_manager.py,844
321,get_yaxis_text1_transform,40,0.0,0.0,0.001,0.0,/home/m810z573/Downloads/f1tenth_benchmarks/venv/lib/python3.9/site-packages/matplotlib/axes/_base.py,940
320,set_markerfacecolor,229,0.0,0.0,0.001,0.0,/home/m810z573/Downloads/f1tenth_benchmarks/venv/lib/python3.9/site-packages/matplotlib/lines.py,1173
319,set_major_locator,79,0.0,0.0,0.001,0.0,/home/m810z573/Downloads/f1tenth_benchmarks/venv/lib/python3.9/site-packages/matplotlib/axis.py,1633
317,_adjust_location,47,0.0,0.0,0.001,0.0,/home/m810z573/Downloads/f1tenth_benchmarks/venv/lib/python3.9/site-packages/matplotlib/spines.py,229
315,_copy_tick_props,7,0.0,0.0,0.001,0.0,/home/m810z573/Downloads/f1tenth_benchmarks/venv/lib/python3.9/site-packages/matplotlib/axis.py,1338
314,convert_yunits,932,0.0,0.0,0.001,0.0,/home/m810z573/Downloads/f1tenth_benchmarks/venv/lib/python3.9/site-packages/matplotlib/artist.py,254
313,_auto_legend_data,5,0.0,0.0,0.001,0.0,/home/m810z573/Downloads/f1tenth_benchmarks/venv/lib/python3.9/site-packages/matplotlib/legend.py,830
310,calc_t_profile,1,0.001,0.001,0.001,0.001,/home/m810z573/Downloads/f1tenth_benchmarks/trajectory_planning_helpers/trajectory_planning_helpers/calc_t_profile.py,6
293,autoscale_view,3,0.0,0.0,0.001,0.0,/home/m810z573/Downloads/f1tenth_benchmarks/venv/lib/python3.9/site-packages/matplotlib/axes/_base.py,2806
309,_set_format,12,0.0,0.0,0.001,0.0,/home/m810z573/Downloads/f1tenth_benchmarks/venv/lib/python3.9/site-packages/matplotlib/ticker.py,788
308,_get_text1_transform,33,0.0,0.0,0.001,0.0,/home/m810z573/Downloads/f1tenth_benchmarks/venv/lib/python3.9/site-packages/matplotlib/axis.py,436
306,set_style,461,0.001,0.0,0.001,0.0,/home/m810z573/Downloads/f1tenth_benchmarks/venv/lib/python3.9/site-packages/matplotlib/font_manager.py,807
305,get_path_collection_extents,1,0.0,0.0,0.001,0.001,/home/m810z573/Downloads/f1tenth_benchmarks/venv/lib/python3.9/site-packages/matplotlib/path.py,1042
303,anchored,65,0.0,0.0,0.001,0.0,/home/m810z573/Downloads/f1tenth_benchmarks/venv/lib/python3.9/site-packages/matplotlib/transforms.py,506
302,is_interactive,957,0.0,0.0,0.001,0.0,/home/m810z573/Downloads/f1tenth_benchmarks/venv/lib/python3.9/site-packages/matplotlib/__init__.py,1180
301,draw_image,1,0.0,0.0,0.001,0.001,/home/m810z573/Downloads/f1tenth_benchmarks/venv/lib/python3.9/site-packages/matplotlib/backends/backend_svg.py,916
300,cumsum,92,0.0,0.0,0.001,0.0,/home/m810z573/Downloads/f1tenth_benchmarks/venv/lib/python3.9/site-packages/numpy/core/fromnumeric.py,2523
298,_compile,1206,0.001,0.0,0.001,0.0,/usr/lib/python3.9/re.py,289
297,get_data_ratio,10,0.0,0.0,0.001,0.0,/home/m810z573/Downloads/f1tenth_benchmarks/venv/lib/python3.9/site-packages/matplotlib/axes/_base.py,1838
296,parse_parts,73,0.001,0.0,0.001,0.0,/usr/lib/python3.9/pathlib.py,64
295,set_size,620,0.001,0.0,0.001,0.0,/home/m810z573/Downloads/f1tenth_benchmarks/venv/lib/python3.9/site-packages/matplotlib/font_manager.py,862
294,iterable,1706,0.001,0.0,0.001,0.0,/home/m810z573/Downloads/f1tenth_benchmarks/venv/lib/python3.9/site-packages/numpy/lib/function_base.py,346
421,is_math_text,265,0.0,0.0,0.001,0.0,/home/m810z573/Downloads/f1tenth_benchmarks/venv/lib/python3.9/site-packages/matplotlib/cbook/__init__.py,1277
